"Text Editing","Move Lines Up","Alt+Up","Editing Text","org.eclipse.ui.edit.text.moveLineUp"
"Run/Debug","Toggle Memory Monitors Pane","Ctrl+T","In Memory View","org.eclipse.debug.ui.commands.toggleMemoryMonitorsPane"
"Terminal view commands","Terminal view insert","Alt+R","Terminal Typing Connected","org.eclipse.tm.terminal.command1"
"C/C++ Source","Copy Qualified Name","Ctrl+Alt+Shift+C","C/C++ Editor","org.eclipse.cdt.ui.edit.text.c.copy.qualified.name"
"Run/Debug","Run to Line","Ctrl+R","Debugging","org.eclipse.debug.ui.commands.RunToLine"
"Text Editing","Toggle Overwrite","Insert","Editing Text","org.eclipse.ui.edit.text.toggleOverwrite"
"Text Editing","Scroll Line Down","Ctrl+Down","Editing Text","org.eclipse.ui.edit.text.scroll.lineDown"
"Source","Apply Checkstyle fixes","Ctrl+Alt+C","Editing Java Source","CheckstylePlugin.ApplyCheckstyleFixes"
"File","Close All","Ctrl+Shift+F4","In Windows","org.eclipse.ui.file.closeAll"
"Views","Refresh View (Gradle Tasks)","F5","In Gradle Tasks View","org.eclipse.buildship.ui.commands.refreshtaskview"
"C/C++ Source","Quick Type Hierarchy","Ctrl+T","C/C++ Editor","org.eclipse.cdt.ui.edit.open.quick.type.hierarchy"
"Edit","Content Assist","Ctrl+Space","In Dialogs and Windows","org.eclipse.ui.edit.text.contentAssist.proposals"
"Run/Debug","Coverage SWTBot Test","Alt+Shift+E, S","In Windows","org.eclipse.eclemma.ui.swtBotJunitShortcut.coverage"
"Refactor - C++","Rename - Refactoring ","Alt+Shift+R","C/C++ Editor","org.eclipse.cdt.ui.edit.text.rename.element"
"Edit","Incremental Find","Ctrl+J","Editing Text","org.eclipse.ui.edit.findIncremental"
"Navigate","Show In...","Alt+Shift+W","In Windows","org.eclipse.ui.navigate.showInQuickMenu"
"C/C++ Source","Remove Block Comment","Ctrl+Shift+\","C/C++ Editor","org.eclipse.cdt.ui.edit.text.c.remove.block.comment"
"Text Editing","Delete Previous Word","Ctrl+Backspace","Editing Text","org.eclipse.ui.edit.text.deletePreviousWord"
"Text Editing","Duplicate Lines","Ctrl+Alt+Up","Editing Text","org.eclipse.ui.edit.text.copyLineUp"
"Navigate","Show In (Package Explorer)","Ctrl+Shift+E","Editing Text","org.eclipse.ui.navigate.showIn"
"Edit","Shift Left","Shift+Tab","C/C++ Editor","org.eclipse.ui.edit.text.shiftLeft"
"Refactor - Java","Change Method Signature","Alt+Shift+C","In Windows","org.eclipse.jdt.ui.edit.text.java.modify.method.parameters"
"Edit","Select All","Ctrl+A","In Dialogs and Windows","org.eclipse.ui.edit.selectAll"
"Run/Debug","Inspect","Ctrl+Shift+I","In Dialogs and Windows","org.eclipse.jdt.debug.ui.commands.Inspect"
"Navigate","Go to Previous Member","Ctrl+Shift+Up","Editing Java Source","org.eclipse.jdt.ui.edit.text.java.goto.previous.member"
"Language Servers","Format","Ctrl+Shift+F","Editing Text","org.eclipse.lsp4e.format"
"Edit","Toggle Insert Mode","Ctrl+Shift+Insert","Editing Text","org.eclipse.ui.edit.text.toggleInsertMode"
"Window","Show System Menu","Alt+-","In Windows","org.eclipse.ui.window.showSystemMenu"
"Search","Show Occurrences in File Quick Menu","Ctrl+Shift+U","In Windows","org.eclipse.jdt.ui.edit.text.java.search.occurrences.in.file.quickMenu"
"Run/Debug","Coverage","Ctrl+Shift+F11","In Windows","org.eclipse.eclemma.ui.commands.CoverageLast"
"Source","Remove Block Comment","Ctrl+Shift+.","Editing Java Source","org.eclipse.jdt.ui.edit.text.java.remove.block.comment"
"Focused UI","Make Landmark","Ctrl+Alt+Shift+Up","In Windows","org.eclipse.mylyn.context.ui.commands.interest.increment"
"Navigate","Show In Breadcrumb","Alt+Shift+B","Editing Java Source","org.eclipse.jdt.ui.edit.text.java.gotoBreadcrumb"
"File","Close All","Ctrl+K, Ctrl+W","In Windows","org.eclipse.ui.file.closeAll"
"C/C++ Source","Open Element","Ctrl+Shift+T","In C/C++ Views","org.eclipse.cdt.ui.navigate.opentype"
"Run/Debug","Coverage Scala Application","Alt+Shift+E, L","In Windows","org.eclipse.eclemma.ui.scalaShortcut.coverage"
"Refactor - C++","Toggle Function - Refactoring ","Alt+Shift+T","C/C++ Editor","org.eclipse.cdt.ui.refactor.toggle.function"
"File","New","Ctrl+N","In Windows","org.eclipse.ui.newWizard"
"Views","Show View (Error Log)","Alt+Shift+Q, L","In Windows","org.eclipse.ui.views.showView"
"Run/Debug","Go to Address...","Ctrl+G","In Disassembly","org.eclipse.cdt.dsf.debug.ui.disassembly.commands.gotoAddress"
"File","Rename","F2","In Windows","org.eclipse.ui.edit.rename"
"Terminal view commands","Terminal view insert","Alt+B","Terminal Typing Connected","org.eclipse.tm.terminal.command1"
"Text Editing","Reset Structure","Ctrl+Shift+Numpad_Multiply","Editing Text","org.eclipse.ui.edit.text.folding.restore"
"File","New menu","Alt+Shift+N","In Windows","org.eclipse.ui.file.newQuickMenu"
"Navigate","Go to Matching Bracket","Ctrl+Shift+\","Editing Java Source","org.eclipse.jdt.ui.edit.text.java.goto.matching.bracket"
"C/C++ Source","Open Declaration","F3","C/C++ Editor","org.eclipse.cdt.ui.edit.opendecl"
"Window","Show View Menu","Ctrl+F10","In Dialogs and Windows","org.eclipse.ui.window.showViewMenu"
"C/C++ Source","Surround With Quick Menu","Alt+Shift+Z","C/C++ Editor","org.eclipse.cdt.ui.edit.text.c.surround.with.quickMenu"
"Text Editing","Line End","End","Editing Text","org.eclipse.ui.edit.text.goto.lineEnd"
"Run/Debug","Step Into","F5","Debugging","org.eclipse.debug.ui.commands.StepInto"
"Text Editing","Select Next Word","Ctrl+Shift+Right","Editing Text","org.eclipse.ui.edit.text.select.wordNext"
"Run/Debug","Run Java Application","Alt+Shift+X, J","In Windows","org.eclipse.jdt.debug.ui.localJavaShortcut.run"
"Source","Quick Assist - Rename in file","Ctrl+2, R","Editing Java Source","org.eclipse.jdt.ui.correction.renameInFile.assist"
"Window","Show Contributing Plug-in","Alt+Shift+F3","In Dialogs and Windows","org.eclipse.ui.window.spy"
"Edit","Context Information","Ctrl+Shift+Space","In Dialogs and Windows","org.eclipse.ui.edit.text.contentAssist.contextInformation"
"Edit","Select Previous Element","Alt+Shift+Left","Editing Java Source","org.eclipse.jdt.ui.edit.text.java.select.previous"
"Navigate","Previous","Ctrl+,","In Windows","org.eclipse.ui.navigate.previous"
"Navigate","Quick Outline","Ctrl+O","WikiText Markup Source Context","org.eclipse.mylyn.wikitext.ui.quickOutlineCommand"
"Navigate","Quick Outline","Ctrl+O","Editing Java Source","org.eclipse.jdt.ui.edit.text.java.show.outline"
"Edit","Add Maven Plugin","Ctrl+Shift+P","Editing XML Source","org.eclipse.m2e.core.ui.command.addPlugin"
"Navigate","Open Include Browser","Ctrl+Alt+I","In C/C++ Views","org.eclipse.cdt.ui.edit.open.include.browser"
"Text Editing","Expand","Ctrl+Numpad_Add","Editing Text","org.eclipse.ui.edit.text.folding.expand"
"Source","Surround With Quick Menu","Alt+Shift+Z","In Windows","org.eclipse.jdt.ui.edit.text.java.surround.with.quickMenu"
"TM4E Language Configuration","Remove Block Comment","Ctrl+Shift+\","Editing Text","org.eclipse.tm4e.languageconfiguration.removeblockcommentcommand"
"Run/Debug","Run Maven Build","Alt+Shift+X, M","In Windows","org.eclipse.m2e.core.pomFileAction.run"
"Navigate","Quick Hierarchy","Ctrl+T","Editing Java Source","org.eclipse.jdt.ui.edit.text.java.open.hierarchy"
"Edit","Copy","Ctrl+C","In Dialogs and Windows","org.eclipse.ui.edit.copy"
"Window","Maximize Active View or Editor","Ctrl+B","In Windows","org.eclipse.ui.window.maximizePart"
"Run/Debug","Step Return","F7","Debugging","org.eclipse.debug.ui.commands.StepReturn"
"Run/Debug","Coverage JUnit Test","Alt+Shift+E, T","In Windows","org.eclipse.eclemma.ui.junitShortcut.coverage"
"Source","Toggle Comment","Ctrl+/","Editing Properties Files","org.eclipse.jdt.ui.edit.text.java.toggle.comment"
"Refactor - Java","Inline","Alt+Shift+I","In Windows","org.eclipse.jdt.ui.edit.text.java.inline"
"C/C++ Source","References","Ctrl+Shift+G","In C/C++ Views","org.eclipse.cdt.ui.search.findrefs"
"Uncategorized","Copy Commit Id","Ctrl+C","In Git Reflog View","org.eclipse.egit.ui.internal.reflog.CopyCommand"
"Terminal view commands","Quick Access","Alt+Right","Terminal Control in Focus","org.eclipse.tm.terminal.quickaccess"
"Text Editing","Previous Word","Ctrl+Left","Editing Text","org.eclipse.ui.edit.text.goto.wordPrevious"
"Navigate","Show In Breadcrumb","Alt+Shift+B","Editor Breadcrumb Navigation","org.eclipse.jdt.ui.edit.text.java.gotoBreadcrumb"
"Git","Commit...","Ctrl+#","In Windows","org.eclipse.egit.ui.team.Commit"
"Run/Debug","Terminate","Ctrl+F2","Debugging","org.eclipse.debug.ui.commands.Terminate"
"C/C++ Source","Go to Next Member","Ctrl+Shift+Down","C/C++ Editor","org.eclipse.cdt.ui.edit.text.c.goto.next.member"
"C/C++ Source","Open Declaration","F3","In C/C++ Views","org.eclipse.cdt.ui.edit.opendecl"
"Navigate","Open Declaration","F3","In Windows","org.eclipse.jdt.ui.edit.text.java.open.editor"
"Views","Show View (Variables)","Alt+Shift+Q, V","In Windows","org.eclipse.ui.views.showView"
"Terminal Commands","Open Local Terminal on Selection","Ctrl+Alt+Shift+T","In Windows","org.eclipse.tm.terminal.view.ui.command.launchToolbar"
"Git","Copy Path to Clipboard","Ctrl+C","In Git Repositories View","org.eclipse.egit.ui.RepositoriesViewCopyPath"
"Refactor - C++","Extract Constant - Refactoring ","Alt+C","C/C++ Editor","org.eclipse.cdt.ui.refactor.extract.constant"
"Run/Debug","Debug","F11","In Windows","org.eclipse.debug.ui.commands.DebugLast"
"Terminal view commands","Copy","Ctrl+Insert","Terminal Control in Focus","org.eclipse.tm.terminal.copy"
"Search","Open Search Dialog","Ctrl+H","In Windows","org.eclipse.search.ui.openSearchDialog"
"Edit","Find Next","Ctrl+K","In Windows","org.eclipse.ui.edit.findNext"
"File","Close","Ctrl+F4","In Windows","org.eclipse.ui.file.close"
"Navigate","Forward History","Alt+Right","In Windows","org.eclipse.ui.navigate.forwardHistory"
"Source","Format","Ctrl+Shift+F","Editing Ant Buildfiles","org.eclipse.jdt.ui.edit.text.java.format"
"Run/Debug","New Rendering","Ctrl+N","In Memory View","org.eclipse.debug.ui.commands.newRendering"
"File","Save","Ctrl+S","In Windows","org.eclipse.ui.file.save"
"Navigate","Open Resource","Ctrl+Shift+R","In Windows","org.eclipse.ui.navigate.openResource"
"Views","Show View (Declaration)","Alt+Shift+Q, D","In Windows","org.eclipse.ui.views.showView"
"Project","Rebuild Last Target","F9","In Windows","org.eclipse.cdt.make.ui.targetBuildLastCommand"
"C/C++ Source","Add Block Comment","Ctrl+Shift+/","C/C++ Editor","org.eclipse.cdt.ui.edit.text.c.add.block.comment"
"Terminal view commands","Terminal view insert","Alt+P","Terminal Typing Connected","org.eclipse.tm.terminal.command1"
"Edit","Find Previous","Ctrl+Shift+K","In Windows","org.eclipse.ui.edit.findPrevious"
"Navigate","Open Include Browser","Ctrl+Alt+I","C/C++ Editor","org.eclipse.cdt.ui.edit.open.include.browser"
"Text Editing","Insert Line Below Current Line","Ctrl+Enter","Editing Text","org.eclipse.ui.edit.text.smartEnter"
"Run/Debug","Debug Ant Build","Alt+Shift+D, Q","In Windows","org.eclipse.ant.ui.antShortcut.debug"
"Window","Next Editor","Ctrl+F6","In Windows","org.eclipse.ui.window.nextEditor"
"Window","Previous Perspective","Ctrl+Shift+F8","In Windows","org.eclipse.ui.window.previousPerspective"
"Source","Toggle Comment","Ctrl+7","Editing Java Source","org.eclipse.jdt.ui.edit.text.java.toggle.comment"
"C/C++ Source","Explore Macro Expansion","Ctrl+=","C/C++ Editor","org.eclipse.cdt.ui.edit.open.quick.macro.explorer"
"Run/Debug","Force Return","Alt+Shift+F","In Windows","org.eclipse.jdt.debug.ui.commands.ForceReturn"
"Edit","Undo","Ctrl+Z","In Dialogs and Windows","org.eclipse.ui.edit.undo"
"Views","Show View (Outline)","Alt+Shift+Q, O","In Windows","org.eclipse.ui.views.showView"
"C/C++ Source","Go to Previous Member","Ctrl+Shift+Up","C/C++ Editor","org.eclipse.cdt.ui.edit.text.c.goto.prev.member"
"Text Editing","Open Hyperlink","F3","in Generic Code Editor","org.eclipse.ui.edit.text.open.hyperlink"
"C/C++ Source","Declaration","Ctrl+G","In C/C++ Views","org.eclipse.cdt.ui.search.finddecl"
"Terminal view commands","Terminal view insert","Alt+T","Terminal Typing Connected","org.eclipse.tm.terminal.command1"
"Search","Declaration in Workspace","Ctrl+G","In Windows","org.eclipse.jdt.ui.edit.text.java.search.declarations.in.workspace"
"File","Switch Workspace","Ctrl+Shift+F","In Windows","org.eclipse.ui.file.openWorkspace"
"Navigate","Open Maven POM","Alt+Shift+P","In Windows","org.eclipse.m2e.core.ui.command.openPom"
"Run/Debug","Coverage JUnit Plug-in Test","Alt+Shift+E, P","In Windows","org.eclipse.eclemma.ui.junitPluginShortcut.coverage"
"C/C++ Source","Add Include","Ctrl+Shift+N","C/C++ Editor","org.eclipse.cdt.ui.edit.text.c.add.include"
"Run/Debug","Close Rendering","Ctrl+W","In Memory View","org.eclipse.debug.ui.commands.closeRendering"
"Navigate","Open Type Hierarchy","F4","C/C++ Editor","org.eclipse.cdt.ui.edit.open.type.hierarchy"
"Terminal view commands","Terminal view insert","Alt+C","Terminal Typing Connected","org.eclipse.tm.terminal.command1"
"Run/Debug","Go to Address","Ctrl+G","In Table Memory Rendering","org.eclipse.debug.ui.command.gotoaddress"
"Terminal view commands","Paste","Shift+Insert","Terminal Control in Focus","org.eclipse.tm.terminal.paste"
"Window","Toggle Full Screen","Alt+F11","In Dialogs and Windows","org.eclipse.ui.window.fullscreenmode"
"Navigate","Next Edit Location","Ctrl+Alt+Right","In Windows","org.eclipse.ui.edit.text.gotoNextEditPosition"
"Refactor - Java","Extract Local Variable","Alt+Shift+L","In Windows","org.eclipse.jdt.ui.edit.text.java.extract.local.variable"
"Source","Open Declaration","F3","Editing Ant Buildfiles","org.eclipse.ant.ui.open.declaration.command"
"Edit","Find and Replace","Ctrl+F","In Windows","org.eclipse.ui.edit.findReplace"
"Edit","Select Enclosing Element","Alt+Shift+Up","Editing Java Source","org.eclipse.jdt.ui.edit.text.java.select.enclosing"
"Run/Debug","Coverage Eclipse Application","Alt+Shift+E, E","In Windows","org.eclipse.eclemma.ui.workbenchShortcut.coverage"
"Edit","Add Block Comment","Ctrl+Shift+/","In Windows","org.eclipse.wst.sse.ui.add.block.comment"
"File","Save All","Ctrl+Shift+S","In Windows","org.eclipse.ui.file.saveAll"
"C/C++ Source","Sort Lines","Ctrl+Alt+S","C/C++ Editor","org.eclipse.cdt.ui.edit.text.c.sort.lines"
"Edit","Select Enclosing C/C++ Element","Alt+Shift+Up","C/C++ Editor","org.eclipse.cdt.ui.edit.text.c.select.enclosing"
"Terminal view commands","Terminal view insert","Alt+A","Terminal Typing Connected","org.eclipse.tm.terminal.command1"
"Navigate","Open from Clipboard","Ctrl+Shift+V","In Windows","org.eclipse.jdt.debug.ui.command.OpenFromClipboard"
"Run/Debug","Use Step Filters","Shift+F5","In Windows","org.eclipse.debug.ui.commands.ToggleStepFilters"
"Edit","Quick Diff Toggle","Ctrl+Shift+Q","Editing Text","org.eclipse.quickdiff.toggle"
"Edit","Word Completion","Alt+/","Editing Text","org.eclipse.ui.edit.text.hippieCompletion"
"Refactor - C++","Rename - Refactoring ","Alt+Shift+R","In C/C++ Views","org.eclipse.cdt.ui.edit.text.rename.element"
"Text Editing","Join Lines","Ctrl+Alt+J","Editing Text","org.eclipse.ui.edit.text.join.lines"
"Run/Debug","Run Ant Build","Alt+Shift+X, Q","In Windows","org.eclipse.ant.ui.antShortcut.run"
"Text Editing","Toggle Folding","Ctrl+Numpad_Divide","Editing Text","org.eclipse.ui.edit.text.folding.toggle"
"Reverse Debugging Commands","Reverse Step Into","Shift+F5","Debugging C/C++","org.eclipse.cdt.debug.ui.command.reverseStepInto"
"Window","Update Maven Project","Alt+F5","In Windows","org.eclipse.m2e.core.ui.command.updateProject"
"Navigate","Open Structure","Ctrl+F3","Editing Java Source","org.eclipse.jdt.ui.navigate.java.open.structure"
"Terminal view commands","Terminal view insert","Alt+E","Terminal Typing Connected","org.eclipse.tm.terminal.command1"
"Run/Debug","All Instances","Ctrl+Shift+N","In Windows","org.eclipse.jdt.debug.ui.commands.AllInstances"
"Makefile Source","Open declaration","F3","Makefile Editor","org.eclipse.cdt.make.ui.edit.text.makefile.opendecl"
"Edit","Toggle Word Wrap","Alt+Shift+Y","Editing Text","org.eclipse.ui.edit.text.toggleWordWrap"
"Window","Show Ruler Context Menu","Ctrl+F10","Editing Text","org.eclipse.ui.edit.text.showRulerContextMenu"
"Text Editing","Select Previous Word","Ctrl+Shift+Left","Editing Text","org.eclipse.ui.edit.text.select.wordPrevious"
"Window","Toggle Split Editor (Vertical)","Ctrl+{","In Windows","org.eclipse.ui.window.splitEditor"
"Terminal view commands","Terminal view insert","Alt+S","Terminal Typing Connected","org.eclipse.tm.terminal.command1"
"Source","Toggle Comment","Ctrl+7","Editing Properties Files","org.eclipse.jdt.ui.edit.text.java.toggle.comment"
"Git","Rename Branch...","F2","In Git Repositories View","org.eclipse.egit.ui.team.RenameBranch"
"Text Editing","Expand All","Ctrl+Numpad_Multiply","Editing Text","org.eclipse.ui.edit.text.folding.expand_all"
"Text Editing","Zoom Out","Ctrl+-","Editing Text","org.eclipse.ui.edit.text.zoomOut"
"Edit","Toggle Block Selection","Alt+Shift+A","Editing Text","org.eclipse.ui.edit.text.toggleBlockSelectionMode"
"Navigate","Collapse All","Ctrl+Shift+Numpad_Divide","In Windows","org.eclipse.ui.navigate.collapseAll"
"Edit","Restore Last C/C++ Selection","Alt+Shift+Down","C/C++ Editor","org.eclipse.cdt.ui.edit.text.c.select.last"
"Refactor - C++","Extract Function - Refactoring ","Alt+Shift+M","C/C++ Editor","org.eclipse.cdt.ui.refactor.extract.function"
"Source","Add Block Comment","Ctrl+Shift+/","Editing Java Source","org.eclipse.jdt.ui.edit.text.java.add.block.comment"
"Text Editing","Text Start","Ctrl+Home","Editing Text","org.eclipse.ui.edit.text.goto.textStart"
"Edit","Redo","Ctrl+Y","In Dialogs and Windows","org.eclipse.ui.edit.redo"
"Views","Show View","Alt+Shift+Q, Q","In Windows","org.eclipse.ui.views.showView"
"Edit","Incremental Find Reverse","Ctrl+Shift+J","Editing Text","org.eclipse.ui.edit.findIncrementalReverse"
"Terminal view commands","Terminal view insert","Alt+Y","Terminal Typing Connected","org.eclipse.tm.terminal.command1"
"TM4E Language Configuration","Toggle Line Comment","Ctrl+Shift+C","Editing Text","org.eclipse.tm4e.languageconfiguration.togglelinecommentcommand"
"Run/Debug","Step Into Selection","Ctrl+F5","Debugging C/C++","org.eclipse.cdt.debug.ui.command.StepIntoSelection"
"Navigate","Next Tab","Ctrl+PageDown","In Dialogs and Windows","org.eclipse.ui.navigate.nextTab"
"C/C++ Source","Toggle Comment","Ctrl+/","C/C++ Editor","org.eclipse.cdt.ui.edit.text.c.toggle.comment"
"Edit","Add Maven Dependency","Ctrl+Shift+D","Editing XML Source","org.eclipse.m2e.core.ui.command.addDependency"
"Terminal view commands","Paste","Ctrl+Shift+V","Terminal Control in Focus","org.eclipse.tm.terminal.paste"
"Refactor - Java","Rename - Refactoring ","Ctrl+Shift+L","In Windows","org.eclipse.jdt.ui.edit.text.java.rename.element"
"Edit","Remove Block Comment","Ctrl+Shift+\","In Windows","org.eclipse.wst.sse.ui.remove.block.comment"
"Uncategorized","Show Markup Cheat Sheet","F1","WikiText Markup Source Context","org.eclipse.mylyn.wikitext.ui.editor.showCheatSheetCommand"
"Run/Debug","Debug Java Application","Alt+Shift+D, J","In Windows","org.eclipse.jdt.debug.ui.localJavaShortcut.debug"
"Navigate","Previous Edit Location","Ctrl+Alt+Left","In Windows","org.eclipse.ui.edit.text.gotoLastEditPosition"
"Edit","Select Next Element","Alt+Shift+Right","Editing Java Source","org.eclipse.jdt.ui.edit.text.java.select.next"
"C/C++ Source","Toggle Comment","Ctrl+7","C/C++ Editor","org.eclipse.cdt.ui.edit.text.c.toggle.comment"
"Source","Correct Indentation","Ctrl+I","Editing Java Source","org.eclipse.jdt.ui.edit.text.java.indent"
"Run/Debug","Previous Page of Memory","Ctrl+Shift+,","In Table Memory Rendering","org.eclipse.debug.ui.command.prevpage"
"Focused UI","Make Less Interesting","Ctrl+Alt+Shift+Down","In Windows","org.eclipse.mylyn.context.ui.commands.interest.decrement"
"Project","Build Target Build","Shift+F9","In Windows","org.eclipse.cdt.make.ui.targetBuildCommand"
"Navigate","Previous Page","Alt+Shift+F7","In Windows","org.eclipse.ui.part.previousPage"
"Run/Debug","Next Page of Memory","Ctrl+Shift+.","In Table Memory Rendering","org.eclipse.debug.ui.command.nextpage"
"Navigate","Previous Sub-Tab","Alt+PageUp","In Dialogs and Windows","org.eclipse.ui.navigate.previousSubTab"
"Terminal view commands","Terminal view insert","Alt+L","Terminal Typing Connected","org.eclipse.tm.terminal.command1"
"C/C++ Source","Toggle Source/Header","Ctrl+Tab","C/C++ Editor","org.eclipse.cdt.ui.edit.text.c.toggle.source.header"
"Run/Debug","Debug JUnit Test","Alt+Shift+D, T","In Windows","org.eclipse.jdt.junit.junitShortcut.debug"
"Run/Debug","Run JUnit Test","Alt+Shift+X, T","In Windows","org.eclipse.jdt.junit.junitShortcut.run"
"Run/Debug","Execute","Ctrl+U","In Windows","org.eclipse.jdt.debug.ui.commands.Execute"
"Refactor - Java","Extract Method","Alt+Shift+M","In Windows","org.eclipse.jdt.ui.edit.text.java.extract.method"
"Text Editing","Delete Line","Ctrl+Shift+K","Editing Text","org.eclipse.ui.edit.text.delete.line"
"Edit","Content Assist","Ctrl+Space","Editing Text","org.eclipse.ui.edit.text.contentAssist.proposals"
"Text Editing","To Lower Case","Ctrl+Shift+Y","Editing Text","org.eclipse.ui.edit.text.lowerCase"
"C/C++ Source","Open Declaration","F3","In Macro Expansion Hover","org.eclipse.cdt.ui.edit.opendecl"
"Window","Preferences (General > Keys)","Ctrl+K, Ctrl+S","In Windows","org.eclipse.ui.window.preferences"
"C/C++ Source","Toggle Mark Occurrences","Alt+Shift+O","C/C++ Editor","org.eclipse.cdt.ui.edit.text.c.toggleMarkOccurrences"
"Run/Debug","Display","Ctrl+Shift+D","In Dialogs and Windows","org.eclipse.jdt.debug.ui.commands.Display"
"Navigate","Open Type in Hierarchy","Ctrl+Shift+H","C/C++ Editor","org.eclipse.cdt.ui.navigate.open.type.in.hierarchy"
"Edit","Select Next C/C++ Element","Alt+Shift+Right","C/C++ Editor","org.eclipse.cdt.ui.edit.text.c.select.next"
"Makefile Source","Toggle Comment","Ctrl+/","Makefile Editor","org.eclipse.cdt.make.ui.edit.text.makefile.toggle.comment"
"Navigate","Open Type Hierarchy","F4","In C/C++ Views","org.eclipse.cdt.ui.edit.open.type.hierarchy"
"Reverse Debugging Commands","Reverse Step Over","Shift+F6","Debugging C/C++","org.eclipse.cdt.debug.ui.command.reverseStepOver"
"Source","Format","Alt+Shift+F","Editing Java Source","org.eclipse.jdt.ui.edit.text.java.format"
"Text Editing","Delete to End of Line","Ctrl+Shift+Delete","Editing Text","org.eclipse.ui.edit.text.delete.line.to.end"
"Views","Show View (History)","Alt+Shift+Q, Z","In Windows","org.eclipse.ui.views.showView"
"Source","Rename In File","Alt+Shift+R","Editing Ant Buildfiles","org.eclipse.ant.ui.renameInFile"
"Navigate","Previous Edit Location","Ctrl+Q","In Windows","org.eclipse.ui.edit.text.gotoLastEditPosition"
"C/C++ Source","Declaration","Ctrl+G","C/C++ Editor","org.eclipse.cdt.ui.search.finddecl"
"Git","Quick Outline","Ctrl+O","In Diff Viewer","org.eclipse.egit.ui.commit.DiffEditorQuickOutlineCommand"
"Terminal view commands","Terminal view insert","Alt+H","Terminal Typing Connected","org.eclipse.tm.terminal.command1"
"Text Editing","Collapse","Ctrl+Numpad_Subtract","Editing Text","org.eclipse.ui.edit.text.folding.collapse"
"Navigate","Expand All","Ctrl+Shift+Numpad_Multiply","In Windows","org.eclipse.ui.navigate.expandAll"
"Source","Organize Imports","Ctrl+Shift+O","In Windows","org.eclipse.jdt.ui.edit.text.java.organize.imports"
"Language Servers","Go to Symbol in Workspace","Ctrl+Shift+T","In Windows","org.eclipse.lsp4e.symbolinworkspace"
"Navigate","Open Call Hierarchy","Ctrl+Alt+H","In Windows","org.eclipse.jdt.ui.edit.text.java.open.call.hierarchy"
"Source","Quick Assist - Assign to field","Ctrl+2, F","Editing Java Source","org.eclipse.jdt.ui.correction.assignToField.assist"
"Window","Select Maven Profiles","Ctrl+Alt+P","In Windows","org.eclipse.m2e.profiles.ui.commands.selectMavenProfileCommand"
"Views","Show View (Javadoc)","Alt+Shift+Q, J","In Windows","org.eclipse.ui.views.showView"
"C/C++ Source","Toggle Comment","Ctrl+Shift+C","C/C++ Editor","org.eclipse.cdt.ui.edit.text.c.toggle.comment"
"Window","Switch to Editor","Ctrl+Shift+E","In Windows","org.eclipse.ui.window.switchToEditor"
"Text Editing","Zoom In","Ctrl+=","Editing Text","org.eclipse.ui.edit.text.zoomIn"
"Run/Debug","Debug Java Applet","Alt+Shift+D, A","In Windows","org.eclipse.jdt.debug.ui.javaAppletShortcut.debug"
"Window","Toggle Split Editor (Horizontal)","Ctrl+_","In Windows","org.eclipse.ui.window.splitEditor"
"Source","Remove Occurrence Annotations","Alt+Shift+U","Editing Java Source","org.eclipse.jdt.ui.edit.text.remove.occurrence.annotations"
"Source","Toggle Ant Mark Occurrences","Alt+Shift+O","Editing Ant Buildfiles","org.eclipse.ant.ui.toggleMarkOccurrences"
"Navigate","Open Type in Hierarchy","Ctrl+Shift+H","In Windows","org.eclipse.jdt.ui.navigate.open.type.in.hierarchy"
"Run/Debug","Coverage RAP JUnit Test","Alt+Shift+E, R","In Windows","org.eclipse.eclemma.ui.junitRAPShortcut.coverage"
"Text Editing","To Upper Case","Ctrl+Shift+X","Editing Text","org.eclipse.ui.edit.text.upperCase"
"Source","Quick Assist - Assign to local variable","Ctrl+2, L","Editing Java Source","org.eclipse.jdt.ui.correction.assignToLocal.assist"
"Window","Next Perspective","Ctrl+F8","In Windows","org.eclipse.ui.window.nextPerspective"
"Text Editing","Scroll Line Up","Ctrl+Up","Editing Text","org.eclipse.ui.edit.text.scroll.lineUp"
"Language Servers","Go to Symbol in File","Ctrl+O","Editing Text","org.eclipse.lsp4e.symbolinfile"
"Run/Debug","Run","Ctrl+F11","In Windows","org.eclipse.debug.ui.commands.RunLast"
"Run/Debug","Next Memory Monitor","Ctrl+Alt+N","In Memory View","org.eclipse.debug.ui.commands.nextMemoryBlock"
"Terminal view commands","Terminal view insert","Alt+G","Terminal Typing Connected","org.eclipse.tm.terminal.command1"
"TM4E Language Configuration","Add Block Comment","Ctrl+Shift+/","Editing Text","org.eclipse.tm4e.languageconfiguration.addblockcommentcommand"
"Run/Debug","Toggle Breakpoint","Ctrl+Shift+B","In Windows","org.eclipse.debug.ui.commands.ToggleBreakpoint"
"C/C++ Source","Open Element","Ctrl+Shift+T","C/C++ Editor","org.eclipse.cdt.ui.navigate.opentype"
"File","Properties","Alt+Enter","In Windows","org.eclipse.ui.file.properties"
"C/C++ Source","Explore Macro Expansion","Ctrl+#","C/C++ Editor","org.eclipse.cdt.ui.edit.open.quick.macro.explorer"
"Terminal view commands","Terminal view insert","Alt+N","Terminal Typing Connected","org.eclipse.tm.terminal.command1"
"C/C++ Source","Indent Line","Ctrl+I","C/C++ Editor","org.eclipse.cdt.ui.edit.text.c.indent"
"Text Editing","Next Word","Ctrl+Right","Editing Text","org.eclipse.ui.edit.text.goto.wordNext"
"Text Editing","Copy Lines","Ctrl+Alt+Down","Editing Text","org.eclipse.ui.edit.text.copyLineDown"
"Edit","Select Previous C/C++ Element","Alt+Shift+Left","C/C++ Editor","org.eclipse.cdt.ui.edit.text.c.select.previous"
"Run/Debug","Coverage TestNG Suite","Alt+Shift+E, G","In Windows","org.eclipse.eclemma.ui.testNgSuiteShortcut.coverage"
"Run/Debug","Step Over","F6","Debugging","org.eclipse.debug.ui.commands.StepOver"
"Navigate","Open Call Hierarchy","Ctrl+Alt+H","In C/C++ Views","org.eclipse.cdt.ui.edit.open.call.hierarchy"
"Navigate","Backward History","Alt+Left","In Windows","org.eclipse.ui.navigate.backwardHistory"
"Run/Debug","Coverage TestNG Test","Alt+Shift+E, N","In Windows","org.eclipse.eclemma.ui.testNgShortcut.coverage"
"Run/Debug","Step Into Selection","Ctrl+F5","Debugging","org.eclipse.jdt.debug.ui.commands.StepIntoSelection"
"Source","Toggle Comment","Ctrl+/","Editing Java Source","org.eclipse.jdt.ui.edit.text.java.toggle.comment"
"Text Editing","Show Tooltip Description","F2","Editing Text","org.eclipse.ui.edit.text.showInformation"
"Run/Debug","EOF","Ctrl+Z","In I/O Console","org.eclipse.debug.ui.commands.eof"
"Views","Show View (Search)","Alt+Shift+Q, S","In Windows","org.eclipse.ui.views.showView"
"Views","Show View (Synchronize)","Alt+Shift+Q, Y","In Windows","org.eclipse.ui.views.showView"
"Refactor - Java","Move - Refactoring ","Alt+Shift+V","In Windows","org.eclipse.jdt.ui.edit.text.java.move.element"
"Terminal view commands","Terminal view insert","Alt+W","Terminal Typing Connected","org.eclipse.tm.terminal.command1"
"C/C++ Source","Align const qualifiers","Ctrl+Shift+A","C/C++ Editor","org.eclipse.cdt.ui.edit.text.c.align.const"
"Text Editing","Select Line End","Shift+End","Editing Text","org.eclipse.ui.edit.text.select.lineEnd"
"Text Editing","Select Line Start","Shift+Home","Editing Text","org.eclipse.ui.edit.text.select.lineStart"
"Reverse Debugging Commands","Reverse Resume","Shift+F8","Debugging C/C++","org.eclipse.cdt.debug.ui.command.reverseResume"
"Terminal Commands","Open Local Terminal on Selection","Ctrl+Alt+T","In Windows","org.eclipse.tm.terminal.connector.local.command.launch"
"Run/Debug","Add Memory Block","Ctrl+Alt+M","In Memory View","org.eclipse.debug.ui.commands.addMemoryMonitor"
"C/C++ Source","References","Ctrl+Shift+G","C/C++ Editor","org.eclipse.cdt.ui.search.findrefs"
"Terminal view commands","Terminal view insert","Alt+D","Terminal Typing Connected","org.eclipse.tm.terminal.command1"
"Source","Toggle Comment","Ctrl+Shift+C","Editing Properties Files","org.eclipse.jdt.ui.edit.text.java.toggle.comment"
"Navigate","Go to Next Member","Ctrl+Shift+Down","Editing Java Source","org.eclipse.jdt.ui.edit.text.java.goto.next.member"
"Focused UI","Focus on Active Task","Alt+Shift+H","In Windows","org.eclipse.mylyn.context.ui.commands.toggle.focus.active.view"
"File","Refresh","F5","In Windows","org.eclipse.ui.file.refresh"
"Edit","Restore Last Selection","Alt+Shift+Down","Editing Java Source","org.eclipse.jdt.ui.edit.text.java.select.last"
"Search","References in Workspace","Ctrl+Shift+G","In Windows","org.eclipse.jdt.ui.edit.text.java.search.references.in.workspace"
"Views","Show View (Problems)","Alt+Shift+Q, X","In Windows","org.eclipse.ui.views.showView"
"Search","Find Text in Workspace","Ctrl+Alt+G","In Windows","org.eclipse.search.ui.performTextSearchWorkspace"
"Edit","Paste","Shift+Insert","In Dialogs and Windows","org.eclipse.ui.edit.paste"
"Terminal view commands","Maximize Active View or Editor","Alt+Up","Terminal Control in Focus","org.eclipse.tm.terminal.maximize"
"Navigate","Next Sub-Tab","Alt+PageDown","In Dialogs and Windows","org.eclipse.ui.navigate.nextSubTab"
"Window","Previous View","Ctrl+Shift+F7","In Windows","org.eclipse.ui.window.previousView"
"Window","Show Key Assist","Ctrl+Shift+L","In Dialogs and Windows","org.eclipse.ui.window.showKeyAssist"
"Terminal view commands","Terminal view insert","Alt+F","Terminal Typing Connected","org.eclipse.tm.terminal.command1"
"Text Editing","Text End","Ctrl+End","Editing Text","org.eclipse.ui.edit.text.goto.textEnd"
"Views","Show View (Breakpoints)","Alt+Shift+Q, B","In Windows","org.eclipse.ui.views.showView"
"Terminal view commands","Copy","Ctrl+Shift+C","Terminal Control in Focus","org.eclipse.tm.terminal.copy"
"File","Open File...","Ctrl+K, Ctrl+O","Editing Java Source","org.eclipse.ui.edit.text.openLocalFile"
"Navigate","Go to Line","Ctrl+G","Editing Text","org.eclipse.ui.edit.text.goto.line"
"Edit","Quick Fix","Ctrl+1","In Dialogs and Windows","org.eclipse.jdt.ui.edit.text.java.correction.assist.proposals"
"C/C++ Source","Show Source Quick Menu","Alt+Shift+S","C/C++ Editor","org.eclipse.cdt.ui.edit.text.c.source.quickMenu"
"Navigate","Previous Tab","Ctrl+PageUp","In Dialogs and Windows","org.eclipse.ui.navigate.previousTab"
"Run/Debug","Run Gradle Test","Ctrl+Alt+X, G","In Windows","org.eclipse.buildship.ui.shortcut.test.run"
"Source","Quick Assist - Extract method","Ctrl+2, M","Editing Java Source","org.eclipse.jdt.ui.correction.extractMethodInplace.assist"
"Navigate","Open Attached Javadoc","Shift+F2","In Windows","org.eclipse.jdt.ui.edit.text.java.open.external.javadoc"
"Source","Show Source Quick Menu","Alt+Shift+S","In Windows","org.eclipse.jdt.ui.edit.text.java.source.quickMenu"
"File","Close","Ctrl+W","In Windows","org.eclipse.ui.file.close"
"Source","Add Import","Ctrl+Shift+M","Editing Java Source","org.eclipse.jdt.ui.edit.text.java.add.import"
"Edit","Cut","Shift+Delete","In Dialogs and Windows","org.eclipse.ui.edit.cut"
"File","New (Class (org.eclipse.jdt.ui.wizards.NewClassCreationWizard))","Ctrl+Alt+N","In Windows","org.eclipse.ui.newWizard"
"Run/Debug","Java Breakpoint Properties","Alt+Enter","In Breakpoints View","org.eclipse.jdt.debug.ui.breakpoint.properties"
"C/C++ Source","Organize Includes","Ctrl+Shift+O","C/C++ Editor","org.eclipse.cdt.ui.edit.text.c.organize.includes"
"C/C++ Source","Open Declaration","F3","Assembly Editor","org.eclipse.cdt.ui.edit.opendecl"
"Edit","Cut","Ctrl+X","In Dialogs and Windows","org.eclipse.ui.edit.cut"
"Text Editing","Collapse All","Ctrl+Shift+Numpad_Divide","Editing Text","org.eclipse.ui.edit.text.folding.collapse_all"
"Text Editing","Line Start","Home","Editing Text","org.eclipse.ui.edit.text.goto.lineStart"
"Edit","Delete","Delete","In Windows","org.eclipse.ui.edit.delete"
"Terminal view commands","Terminal view insert","Alt+V","Terminal Typing Connected","org.eclipse.tm.terminal.command1"
"Run/Debug","Skip All Breakpoints","Ctrl+Alt+B","In Windows","org.eclipse.debug.ui.commands.SkipAllBreakpoints"
"Text Editing","Move Lines Down","Alt+Down","Editing Text","org.eclipse.ui.edit.text.moveLineDown"
"Navigate","Open Type","Ctrl+Shift+T","In Windows","org.eclipse.jdt.ui.navigate.open.type"
"Git","Collapse Working Tree","Ctrl+Left","In Git Repositories View","org.eclipse.egit.ui.RepositoriesViewCollapseWorkingTree"
"Text Editing","Delete Next Word","Ctrl+Delete","Editing Text","org.eclipse.ui.edit.text.deleteNextWord"
"Source","Add Javadoc Comment","Alt+Shift+J","In Windows","org.eclipse.jdt.ui.edit.text.java.add.javadoc.comment"
"Run/Debug","Resume","F8","Debugging","org.eclipse.debug.ui.commands.Resume"
"Window","Previous Editor","Ctrl+Shift+F6","In Windows","org.eclipse.ui.window.previousEditor"
"Views","Show View","Alt+Shift+Q, T","In Windows","org.eclipse.ui.views.showView"
"Quick Search","Quick Search","Ctrl+Alt+Shift+L","In Windows","org.eclipse.text.quicksearch.commands.quicksearchCommand"
"C/C++ Source","Show outline","Ctrl+O","C/C++ Editor","org.eclipse.cdt.ui.edit.open.outline"
"Run/Debug","Go to Program Counter","Home","In Disassembly","org.eclipse.cdt.dsf.debug.ui.disassembly.commands.gotoPC"
"Navigate","Open Type in Hierarchy","Ctrl+Shift+H","In C/C++ Views","org.eclipse.cdt.ui.navigate.open.type.in.hierarchy"
"Run/Debug","Coverage Java Application","Alt+Shift+E, J","In Windows","org.eclipse.eclemma.ui.localJavaShortcut.coverage"
"Focused UI","Show Context Quick View","Ctrl+Alt+Shift+Right","In Windows","org.eclipse.mylyn.context.ui.commands.open.context.dialog"
"Navigate","Next Page","Alt+F7","In Windows","org.eclipse.ui.part.nextPage"
"C/C++ Source","Format","Ctrl+Shift+F","C/C++ Editor","org.eclipse.cdt.ui.edit.text.c.format"
"Window","Activate Editor","F12","In Windows","org.eclipse.ui.window.activateEditor"
"Navigate","Open Type Hierarchy","F4","In Windows","org.eclipse.jdt.ui.edit.text.java.open.type.hierarchy"
"Window","Quick Switch Editor","Ctrl+E","In Windows","org.eclipse.ui.window.openEditorDropDown"
"Edit","Paste","Ctrl+V","In Dialogs and Windows","org.eclipse.ui.edit.paste"
"Source","Quick Assist - Assign to variable in new try-with-resources block","Ctrl+2, T","Editing Java Source","org.eclipse.jdt.ui.correction.assignInTryWithResources.assist"
"Refactor - C++","Extract Local Variable - Refactoring ","Alt+Shift+L","C/C++ Editor","org.eclipse.cdt.ui.refactor.extract.local.variable"
"Window","Find Actions","Ctrl+3","In Windows","org.eclipse.ui.window.quickAccess"
"File","Print","Ctrl+P","In Windows","org.eclipse.ui.file.print"
"Source","Add Text Block","Ctrl+Shift+'","Editing Java Source","org.eclipse.jdt.ui.edit.text.java.add.textblock"
"Reverse Debugging Commands","Uncall","Shift+F7","Debugging C/C++","org.eclipse.cdt.debug.ui.command.uncall"
"Views","Show View (Console)","Alt+Shift+Q, C","In Windows","org.eclipse.ui.views.showView"
"Source","Annotate Class File","Ctrl+1","Browsing attached Java Source","org.eclipse.jdt.ui.edit.text.java.annotate.classFile"
"Source","Toggle Mark Occurrences","Alt+Shift+O","Editing Java Source","org.eclipse.jdt.ui.edit.text.java.toggleMarkOccurrences"
"Navigate","Next","Ctrl+.","In Windows","org.eclipse.ui.navigate.next"
"C/C++ Source","Forward","Alt+Right","In Macro Expansion Hover","org.eclipse.cdt.ui.hover.forwardMacroExpansion"
"Refactor - Java","Show Refactor Quick Menu","Alt+Shift+T","In Windows","org.eclipse.jdt.ui.edit.text.java.refactor.quickMenu"
"Text Editing","Zoom In","Ctrl++","Editing Text","org.eclipse.ui.edit.text.zoomIn"
"Source","Open External Documentation","Shift+F2","Editing Ant Buildfiles","org.eclipse.ant.ui.openExternalDoc"
"Uncategorized","Find References","Ctrl+Shift+G","in Generic Code Editor","org.eclipse.ui.genericeditor.findReferences"
"Run/Debug","Run Java Applet","Alt+Shift+X, A","In Windows","org.eclipse.jdt.debug.ui.javaAppletShortcut.run"
"Window","Next View","Ctrl+F7","In Windows","org.eclipse.ui.window.nextView"
"Edit","Copy","Ctrl+Insert","In Dialogs and Windows","org.eclipse.ui.edit.copy"
"Views","Show View (Cheat Sheets)","Alt+Shift+Q, H","In Windows","org.eclipse.ui.views.showView"
"Navigate","Open Call Hierarchy","Ctrl+Alt+H","C/C++ Editor","org.eclipse.cdt.ui.edit.open.call.hierarchy"
"Text Editing","Insert Line Above Current Line","Ctrl+Shift+Enter","Editing Text","org.eclipse.ui.edit.text.smartEnterInverse"
"C/C++ Source","Back","Alt+Left","In Macro Expansion Hover","org.eclipse.cdt.ui.hover.backwardMacroExpansion"
"Project","Build All","Ctrl+B","In Windows","org.eclipse.ui.project.buildAll"
"Source","Toggle Comment","Ctrl+Shift+C","Editing Java Source","org.eclipse.jdt.ui.edit.text.java.toggle.comment"
